{"type": "block", "layer": 0, "block": 0, "features": [{"geom": {"triangles": {"v": [-19417.64628399152, -5438.3630956709385, 0.0, -20284.89628399152, -5231.3630956709385, 0.0, -6780.146283991518, -13423.363095670938, 0.0, -14824.771283991518, -3640.3630956709385, 0.0, -6565.771283991518, -7546.3630956709385, 0.0, -13471.583783991518, -2636.3630956709385, 0.0, -6328.896283991518, -2949.3630956709385, 0.0, -12214.521283991518, -1250.3630956709385, 0.0, -12810.271283991518, -1503.3630956709385, 0.0, -8702.771283991518, -257.3630956709385, 0.0, -6723.958783991518, -1449.3630956709385, 0.0, -7086.208783991518, -725.3630956709385, 0.0, -14387.833783991518, -3127.3630956709385, 0.0, -6111.646283991518, -12477.363095670938, 0.0, -6315.583783991518, -13055.363095670938, 0.0], "f": [0, 1, 2, 3, 0, 2, 4, 3, 2, 4, 5, 3, 6, 5, 4, 5, 6, 7, 7, 8, 5, 6, 9, 7, 6, 10, 9, 11, 9, 10, 5, 12, 3, 13, 4, 2, 13, 2, 14]}, "centroids": [[-10892.034256469458, -6232.353736730292, 0.0]]}, "mtl": {"idx": 0}}, {"geom": {"triangles": {"v": [7847.228716008482, 1350.6369043290615, 0.0, 383.04121600848157, -7142.3630956709385, 0.0, -597.7712839915184, -8755.363095670938, 0.0, 2864.2287160084816, -2545.3630956709385, 0.0, 6018.978716008482, 409.6369043290615, 0.0, 6974.291216008482, 1696.6369043290615, 0.0, 7110.103716008482, 1882.6369043290615, 0.0, -6315.583783991518, -13055.363095670938, 0.0, -6780.146283991518, -13423.363095670938, 0.0, -5264.583783991518, -14343.363095670938, 0.0, -4583.208783991518, -12829.363095670938, 0.0, -4065.2712839915184, -12632.363095670938, 0.0, -2943.6462839915184, -11563.363095670938, 0.0], "f": [0, 1, 2, 0, 3, 1, 0, 4, 3, 5, 4, 0, 6, 5, 0, 7, 8, 9, 7, 9, 10, 11, 10, 9, 9, 12, 11]}, "centroids": [[2274.192697530263, -4526.39882260561, 0.0]]}, "mtl": {"idx": 1}}, {"geom": {"triangles": {"v": [-8125.396283991518, 12873.636904329062, 0.0, -23343.08378399152, -3377.3630956709385, 0.0, -12810.271283991518, -1503.3630956709385, 0.0, -12214.521283991518, -1250.3630956709385, 0.0, -8702.771283991518, -257.3630956709385, 0.0, -7086.208783991518, -725.3630956709385, 0.0, 6018.978716008482, 409.6369043290615, 0.0, 2864.2287160084816, -2545.3630956709385, 0.0, -6723.958783991518, -1449.3630956709385, 0.0, -6328.896283991518, -2949.3630956709385, 0.0, 383.04121600848157, -7142.3630956709385, 0.0, -6565.771283991518, -7546.3630956709385, 0.0, -597.7712839915184, -8755.363095670938, 0.0, -2943.6462839915184, -11563.363095670938, 0.0, -6111.646283991518, -12477.363095670938, 0.0, -4065.2712839915184, -12632.363095670938, 0.0, -4583.208783991518, -12829.363095670938, 0.0, -6315.583783991518, -13055.363095670938, 0.0, 6974.291216008482, 1696.6369043290615, 0.0, 7110.103716008482, 1882.6369043290615, 0.0, -20284.89628399152, -5231.3630956709385, 0.0, -14387.833783991518, -3127.3630956709385, 0.0, -19417.64628399152, -5438.3630956709385, 0.0, -14824.771283991518, -3640.3630956709385, 0.0, -13471.583783991518, -2636.3630956709385, 0.0], "f": [0, 1, 2, 2, 3, 0, 3, 4, 0, 0, 4, 5, 5, 6, 0, 6, 5, 7, 8, 7, 5, 7, 8, 9, 7, 9, 10, 9, 11, 10, 10, 11, 12, 12, 11, 13, 13, 11, 14, 14, 15, 13, 14, 16, 15, 14, 17, 16, 0, 6, 18, 0, 18, 19, 2, 1, 20, 20, 21, 2, 21, 20, 22, 22, 23, 21, 21, 24, 2]}, "centroids": [[-6761.894716549083, 835.2761562857777, 0.0]]}, "mtl": {"idx": 2}}], "featureCount": 3, "startIndex": 0}